{"name":"30f2d683-1501-447b-b826-73b745b554f3","id":"/providers/Microsoft.Flow/flows/30f2d683-1501-447b-b826-73b745b554f3","type":"Microsoft.Flow/flows","properties":{"apiId":"/providers/Microsoft.PowerApps/apis/shared_logicflows","displayName":"Certificado","definition":{"metadata":{"workflowEntityId":null,"processAdvisorMetadata":null,"flowclientsuspensionreason":"None","flowclientsuspensiontime":null,"creator":{"id":"88a60cee-7990-476f-9e8a-52eba8d5991d","type":"User","tenantId":"e2e52f8c-e1d9-44aa-8b80-fdddf1747366"},"provisioningMethod":"FromDefinition","failureAlertSubscription":true,"clientLastModifiedTime":"2022-02-27T18:12:42.7158654Z"},"$schema":"https://schema.management.azure.com/providers/Microsoft.Logic/schemas/2016-06-01/workflowdefinition.json#","contentVersion":"1.0.0.0","parameters":{"$connections":{"defaultValue":{},"type":"Object"},"$authentication":{"defaultValue":{},"type":"SecureObject"}},"triggers":{"When_a_new_response_is_submitted":{"splitOn":"@triggerOutputs()?['body/value']","metadata":{"operationMetadataId":"4d816847-5c79-41c7-991b-67da59155971"},"type":"OpenApiConnectionWebhook","inputs":{"host":{"apiId":"/providers/Microsoft.PowerApps/apis/shared_microsoftforms","connectionName":"shared_microsoftforms","operationId":"CreateFormWebhook"},"parameters":{"form_id":"jC_l4tnhqkSLgP3d8XRzZu4MpoiQeW9HnopS66jVmR1UN0ZLT0VZVVQyN0hSM1NETFlGWTgxTVAwQy4u"},"authentication":"@parameters('$authentication')"}}},"actions":{"Copy_Template":{"runAfter":{"Get_response_details":["Succeeded"]},"metadata":{"%252fDocumentos%2bCompartilhados%252ftemplate.docx":"/Documentos Compartilhados/template.docx","operationMetadataId":"bc841574-b67a-4036-b6d1-d5a7c2f30edb"},"type":"OpenApiConnection","inputs":{"host":{"apiId":"/providers/Microsoft.PowerApps/apis/shared_sharepointonline","connectionName":"shared_sharepointonline","operationId":"CopyFileAsync"},"parameters":{"dataset":"https://rasecsysteminformatica.sharepoint.com/sites/Events","parameters/sourceFileId":"/Documentos Compartilhados/template_github_mao_na_massa.docx","parameters/destinationDataset":"https://rasecsysteminformatica.sharepoint.com/sites/Events","parameters/destinationFolderPath":"/Documentos Compartilhados","parameters/nameConflictBehavior":2},"authentication":"@parameters('$authentication')"}},"Update_New_File_Metadata":{"runAfter":{"Copy_Template":["Succeeded"]},"metadata":{"operationMetadataId":"075b8d2d-acda-4d86-aa12-dd9c6366abeb"},"type":"OpenApiConnection","inputs":{"host":{"apiId":"/providers/Microsoft.PowerApps/apis/shared_sharepointonline","connectionName":"shared_sharepointonline","operationId":"PatchFileItem"},"parameters":{"dataset":"https://rasecsysteminformatica.sharepoint.com/sites/Events","table":"bd7bbd67-159d-40e3-a2a5-d573b4be78c2","id":"@outputs('Copy_Template')?['body/ItemId']","item/NomeParticipante":"@outputs('Get_response_details')?['body/r74716df2465446e1bbc637d07fa1caa8']","item/Codigo":"@guid() ","item/NomeEvento":"github_mao_na_massa"},"authentication":"@parameters('$authentication')"}},"Get_Certificate_Content":{"runAfter":{"Update_New_File_Metadata":["Succeeded"]},"metadata":{"operationMetadataId":"10c6bf99-6e4c-43ef-9cb8-43f3cd873476"},"type":"OpenApiConnection","inputs":{"host":{"apiId":"/providers/Microsoft.PowerApps/apis/shared_sharepointonline","connectionName":"shared_sharepointonline","operationId":"GetFileContentByPath"},"parameters":{"dataset":"https://rasecsysteminformatica.sharepoint.com/sites/Events","path":"@outputs('Copy_Template')?['body/Path']","inferContentType":true},"authentication":"@parameters('$authentication')"}},"Convert_Temporary_to_PDF":{"runAfter":{"Create_Temporary_File":["Succeeded"]},"metadata":{"operationMetadataId":"a78744bb-88af-4bc4-bb41-e26d33b39a2b"},"type":"OpenApiConnection","inputs":{"host":{"apiId":"/providers/Microsoft.PowerApps/apis/shared_onedriveforbusiness","connectionName":"shared_onedriveforbusiness","operationId":"ConvertFileByPath"},"parameters":{"path":"@outputs('Create_Temporary_File')?['body/Path']","type":"PDF"},"authentication":"@parameters('$authentication')"}},"Create_Temporary_File":{"runAfter":{"Get_Certificate_Content":["Succeeded"]},"metadata":{"operationMetadataId":"bc4120d1-e27f-4f25-aa19-5c04b769dd87"},"type":"OpenApiConnection","inputs":{"host":{"apiId":"/providers/Microsoft.PowerApps/apis/shared_onedriveforbusiness","connectionName":"shared_onedriveforbusiness","operationId":"CreateFile"},"parameters":{"folderPath":"/temp","name":"@{outputs('Update_New_File_Metadata')?['body/Codigo']}.docx","body":"@body('Get_Certificate_Content')"},"authentication":"@parameters('$authentication')"},"runtimeConfiguration":{"contentTransfer":{"transferMode":"Chunked"}}},"Create_BKP_PDF_on_Sharepoint":{"runAfter":{"Convert_Temporary_to_PDF":["Succeeded"]},"metadata":{"operationMetadataId":"6699ea43-10c0-49f0-a454-e2b9716a96a2"},"type":"OpenApiConnection","inputs":{"host":{"apiId":"/providers/Microsoft.PowerApps/apis/shared_sharepointonline","connectionName":"shared_sharepointonline","operationId":"CreateFile"},"parameters":{"dataset":"https://rasecsysteminformatica.sharepoint.com/sites/Events","folderPath":"/Documentos Compartilhados/PDF/@{outputs('Update_New_File_Metadata')?['body/NomeEvento']}","name":"@{outputs('Update_New_File_Metadata')?['body/Codigo']}.pdf","body":"@body('Convert_Temporary_to_PDF')"},"authentication":"@parameters('$authentication')"},"runtimeConfiguration":{"contentTransfer":{"transferMode":"Chunked"}}},"Remove_Temp_File_on_OneDrive":{"runAfter":{"Create_BKP_PDF_on_Sharepoint":["Succeeded"]},"metadata":{"operationMetadataId":"a175b498-2503-4c65-9913-4da12933bb5f"},"type":"OpenApiConnection","inputs":{"host":{"apiId":"/providers/Microsoft.PowerApps/apis/shared_onedriveforbusiness","connectionName":"shared_onedriveforbusiness","operationId":"DeleteFile"},"parameters":{"id":"@outputs('Create_Temporary_File')?['body/Id']"},"authentication":"@parameters('$authentication')"}},"Delete_file":{"runAfter":{"Remove_Temp_File_on_OneDrive":["Succeeded"]},"metadata":{"operationMetadataId":"3e626bde-83fe-43db-91b4-8549ffa7fa01"},"type":"OpenApiConnection","inputs":{"host":{"apiId":"/providers/Microsoft.PowerApps/apis/shared_sharepointonline","connectionName":"shared_sharepointonline","operationId":"DeleteFile"},"parameters":{"dataset":"https://rasecsysteminformatica.sharepoint.com/sites/Events","id":"@outputs('Copy_Template')?['body/Id']"},"authentication":"@parameters('$authentication')"}},"Create_an_issue":{"runAfter":{"Create_a_bitlink_(V2)":["Succeeded"]},"metadata":{"operationMetadataId":"8f2ab668-b417-4a4c-a6a1-ef3828e28c90"},"type":"OpenApiConnection","inputs":{"host":{"apiId":"/providers/Microsoft.PowerApps/apis/shared_github","connectionName":"shared_github","operationId":"CreateIssue"},"parameters":{"repositoryOwner":"julioarruda","repositoryName":"poc-adm","issueBasicDetails/title":"[Certificate] @{outputs('Update_New_File_Metadata')?['body/NomeParticipante']};@{outputs('Update_New_File_Metadata')?['body/NomeEvento']}","issueBasicDetails/body":"participant:@{outputs('Update_New_File_Metadata')?['body/NomeParticipante']}\nid:@{outputs('Update_New_File_Metadata')?['body/Codigo']}\nevent:@{outputs('Update_New_File_Metadata')?['body/NomeEvento']}\ncertificate: @{outputs('Create_a_bitlink_(V2)')?['body/link']}\nemail: @{outputs('Get_response_details')?['body/r5299ab45b1894cd0b3e1c2afcf2e4e35']}"},"authentication":"@parameters('$authentication')"}},"Get_response_details":{"runAfter":{},"metadata":{"operationMetadataId":"c427c543-c975-4744-a0c0-592f45f8893e"},"type":"OpenApiConnection","inputs":{"host":{"apiId":"/providers/Microsoft.PowerApps/apis/shared_microsoftforms","connectionName":"shared_microsoftforms","operationId":"GetFormResponseById"},"parameters":{"form_id":"jC_l4tnhqkSLgP3d8XRzZu4MpoiQeW9HnopS66jVmR1UN0ZLT0VZVVQyN0hSM1NETFlGWTgxTVAwQy4u","response_id":"@triggerOutputs()?['body/resourceData/responseId']"},"authentication":"@parameters('$authentication')"}},"Create_sharing_link_for_a_file_or_folder":{"runAfter":{"Delete_file":["Succeeded"]},"metadata":{"operationMetadataId":"84775927-6f33-4609-ab8c-0e8049d00a75"},"type":"OpenApiConnection","inputs":{"host":{"apiId":"/providers/Microsoft.PowerApps/apis/shared_sharepointonline","connectionName":"shared_sharepointonline","operationId":"CreateSharingLink"},"parameters":{"dataset":"https://rasecsysteminformatica.sharepoint.com/sites/Events","table":"bd7bbd67-159d-40e3-a2a5-d573b4be78c2","id":"@outputs('Create_BKP_PDF_on_Sharepoint')?['body/ItemId']","permission/type":"view","permission/scope":"anonymous"},"authentication":"@parameters('$authentication')"}},"Create_a_bitlink_(V2)":{"runAfter":{"Create_sharing_link_for_a_file_or_folder":["Succeeded"]},"metadata":{"operationMetadataId":"6a418b1f-c485-4656-80ab-3313b03b21d0"},"type":"OpenApiConnection","inputs":{"host":{"apiId":"/providers/Microsoft.PowerApps/apis/shared_bitly","connectionName":"shared_bitly_1","operationId":"CreateBitlink_V2"},"parameters":{"body/long_url":"@outputs('Create_sharing_link_for_a_file_or_folder')?['body/link/webUrl']"},"authentication":"@parameters('$authentication')"}}}},"connectionReferences":{"shared_sharepointonline":{"connectionName":"shared-sharepointonl-05732a6c-9335-4498-bc5c-87ded7af52bb","source":"Embedded","id":"/providers/Microsoft.PowerApps/apis/shared_sharepointonline","tier":"NotSpecified"},"shared_onedriveforbusiness":{"connectionName":"shared-onedriveforbu-b5454d4f-3015-4796-a8d4-74d974b614a1","source":"Embedded","id":"/providers/Microsoft.PowerApps/apis/shared_onedriveforbusiness","tier":"NotSpecified"},"shared_github":{"connectionName":"shared-github-3c5d40cb-7150-4e6a-a024-5d21040f7033","source":"Embedded","id":"/providers/Microsoft.PowerApps/apis/shared_github","tier":"NotSpecified"},"shared_microsoftforms":{"connectionName":"shared-microsoftform-d2219a3f-11cd-4bf6-9115-b0c0ef4169dd","source":"Embedded","id":"/providers/Microsoft.PowerApps/apis/shared_microsoftforms","tier":"NotSpecified"},"shared_bitly_1":{"connectionName":"shared-bitly-530f67ed-6ebb-49ae-9721-4f383ea06c42","source":"Embedded","id":"/providers/Microsoft.PowerApps/apis/shared_bitly","tier":"NotSpecified"}},"flowFailureAlertSubscribed":false}}